City_ID,City,Lat,Lng,Max Temp,Humidity,Cloudiness,Wind Speed,Country,Date
0,ribeira grande,38.5167,-28.7,16.54,84,1,10.28,PT,1674437030
1,matamoros,25.5333,-103.25,18.06,16,0,0.0,MX,1674437030
2,ulladulla,-35.35,150.4667,21.79,65,49,4.49,AU,1674436838
3,butaritari,3.0707,172.7902,27.12,75,92,5.56,KI,1674437031
4,palmeirais,-5.9778,-43.0633,24.6,79,11,0.98,BR,1674437032
5,nola,40.922,14.5329,6.63,85,100,1.47,IT,1674437032
6,arraial do cabo,-22.9661,-42.0278,23.77,88,100,5.63,BR,1674437032
7,rikitea,-23.1203,-134.9692,26.36,76,11,7.36,PF,1674437033
8,sibolga,1.7427,98.7792,24.38,92,100,0.33,ID,1674437033
9,varkkallai,8.7341,76.7067,25.88,76,100,2.3,IN,1674437034
10,nouadhibou,20.931,-17.0347,16.99,67,0,9.26,MR,1674437034
11,bluff,-46.6,168.3333,13.63,58,71,4.96,NZ,1674437035
12,ushuaia,-54.8,-68.3,9.81,66,0,2.57,AR,1674437035
13,cam ranh,11.9214,109.1591,26.98,69,20,5.66,VN,1674437036
14,atuona,-9.8,-139.0333,26.06,78,100,8.5,PF,1674437036
15,saint george,37.1041,-113.5841,3.57,36,100,7.15,US,1674437037
16,carutapera,-1.195,-46.02,24.11,93,28,3.15,BR,1674437037
17,ambon,-3.6954,128.1814,30.08,70,40,1.54,ID,1674437037
18,torbay,47.6666,-52.7314,-3.74,91,20,7.2,CA,1674437038
19,mataura,-46.1927,168.8643,17.69,36,9,3.21,NZ,1674437038
20,khatanga,71.9667,102.5,-41.54,96,15,1.44,RU,1674437039
21,thaba-tseka,-29.522,28.6084,14.54,69,96,1.29,LS,1674437039
22,flinders,-34.5833,150.8552,25.66,65,54,3.13,AU,1674436757
23,cayenne,4.9333,-52.3333,26.02,83,75,5.14,GF,1674437040
24,kodiak,57.79,-152.4072,2.73,93,100,4.63,US,1674437041
25,qaanaaq,77.484,-69.3632,-32.87,69,98,3.33,GL,1674437041
26,ouallam,14.3188,2.0866,24.01,15,0,3.71,NE,1674437042
27,acarau,-2.8856,-40.12,25.73,84,93,5.45,BR,1674437042
28,saint-joseph,-21.3667,55.6167,23.21,87,100,1.91,RE,1674437043
29,hilo,19.7297,-155.09,27.93,78,20,4.12,US,1674437044
30,barrow,71.2906,-156.7887,-19.99,77,100,6.17,US,1674437044
31,walvis bay,-22.9575,14.5053,18.35,86,100,3.44,NA,1674437044
32,thompson,55.7435,-97.8558,-8.91,92,100,6.17,CA,1674437045
33,klaksvik,62.2266,-6.589,6.51,77,100,9.85,FO,1674437045
34,vaini,-21.2,-175.2,31.09,74,20,3.09,TO,1674437046
35,bubaque,11.2833,-15.8333,23.21,71,0,8.35,GW,1674437046
36,talnakh,69.4865,88.3972,-25.59,98,99,0.66,RU,1674437047
37,chilca,-12.5211,-76.7372,21.39,83,100,2.3,PE,1674437047
38,hermanus,-34.4187,19.2345,20.45,86,0,3.16,ZA,1674437047
39,garissa,-0.4536,39.6401,24.59,77,100,2.85,KE,1674437048
40,talcahuano,-36.7167,-73.1167,17.82,77,0,5.66,CL,1674437048
41,albany,42.6001,-73.9662,1.14,90,100,1.64,US,1674437049
42,airai,-8.9266,125.4092,18.48,80,100,0.76,TL,1674437049
43,cape town,-33.9258,18.4232,19.95,76,0,3.6,ZA,1674436814
44,busselton,-33.65,115.3333,27.74,38,0,2.16,AU,1674437050
45,georgetown,5.4112,100.3354,26.96,82,20,1.54,MY,1674436935
46,bilma,18.6853,12.9164,19.01,14,33,2.78,NE,1674437051
47,kapaa,22.0752,-159.319,26.38,71,75,2.06,US,1674437051
48,punta arenas,-53.15,-70.9167,13.06,47,0,1.03,CL,1674437052
49,souillac,-20.5167,57.5167,25.21,94,75,1.03,MU,1674437052
50,abonnema,4.7084,6.7931,26.45,80,19,2.27,NG,1674437052
51,tuatapere,-46.1333,167.6833,15.1,52,9,3.77,NZ,1674437053
52,clyde river,70.4692,-68.5914,-31.87,68,100,10.8,CA,1674437053
53,saskylakh,71.9167,114.0833,-32.88,87,100,1.18,RU,1674437054
54,banda aceh,5.5577,95.3222,24.29,91,98,3.44,ID,1674437023
55,severo-kurilsk,50.6789,156.125,-8.17,64,100,2.05,RU,1674437055
56,puerto carreno,6.189,-67.4859,27.0,59,100,5.23,CO,1674437056
57,manta,-0.95,-80.7333,26.88,69,0,2.57,EC,1674437056
58,upernavik,72.7868,-56.1549,-28.59,69,100,5.43,GL,1674437056
59,east london,-33.0153,27.9116,22.48,86,100,1.52,ZA,1674437057
60,san quintin,30.4833,-115.95,13.69,69,6,5.69,MX,1674437057
61,jamestown,42.097,-79.2353,0.01,75,100,1.54,US,1674437058
62,kagoro,9.6,8.3833,20.5,19,100,2.02,NG,1674437058
63,sambava,-14.2667,50.1667,24.23,83,100,1.76,MG,1674437058
64,baie-saint-paul,47.4411,-70.4986,-1.53,90,100,2.24,CA,1674437059
65,niamey,13.5137,2.1098,23.16,21,0,0.0,NE,1674437059
66,broome,42.2506,-75.833,0.92,89,100,3.09,US,1674437060
67,new norfolk,-42.7826,147.0587,22.72,36,0,1.51,AU,1674437060
68,dikson,73.5069,80.5464,-23.0,92,99,11.45,RU,1674437060
69,pangnirtung,66.1451,-65.7125,-20.48,100,100,1.99,CA,1674436888
70,bambous virieux,-20.3428,57.7575,25.14,94,75,1.03,MU,1674437061
71,camana,-16.6228,-72.7111,22.81,79,50,2.38,PE,1674437062
72,sarakhs,36.5449,61.1577,-3.41,57,8,1.59,IR,1674437062
73,vao,-22.6667,167.4833,26.4,85,91,8.17,NC,1674437063
74,boden,65.8252,21.6886,-6.0,87,5,2.53,SE,1674437064
75,odweyne,9.4092,45.064,16.97,57,30,0.83,SO,1674437064
76,sabang,5.8933,95.3214,25.29,85,100,5.96,ID,1674437065
77,zhigansk,66.7697,123.3711,-37.28,94,100,2.3,RU,1674437065
78,saint-pierre,-21.3393,55.4781,23.82,83,100,2.57,RE,1674437065
79,tambacounda,13.7539,-13.7586,24.71,23,0,2.9,SN,1674437066
80,lannion,48.75,-3.4167,-0.18,93,13,1.87,FR,1674437067
81,chuy,-33.6971,-53.4616,20.76,80,82,2.8,UY,1674437067
82,hobart,-42.8794,147.3294,22.92,49,20,4.63,AU,1674437068
83,pevek,69.7008,170.3133,-35.37,94,82,1.46,RU,1674437068
84,ambilobe,-13.2,49.05,22.25,95,100,0.84,MG,1674437069
85,kawhia,-38.0651,174.8183,25.84,57,17,3.56,NZ,1674437069
86,kulhudhuffushi,6.6221,73.07,26.44,72,94,2.56,MV,1674437069
87,guerrero negro,27.9769,-114.0611,14.9,66,0,7.18,MX,1674437070
88,yuzha,56.5831,42.0122,-18.41,100,99,1.5,RU,1674437070
89,nikolskoye,59.7035,30.7861,-5.06,95,98,1.01,RU,1674437071
90,grindavik,63.8424,-22.4338,1.26,60,75,7.2,IS,1674437071
91,mangrol,21.1167,70.1167,15.06,55,1,6.27,IN,1674437071
92,fortuna,40.5982,-124.1573,9.81,76,0,7.2,US,1674437072
93,tuktoyaktuk,69.4541,-133.0374,-16.0,85,100,3.6,CA,1674437072
94,san cristobal,7.7669,-72.225,21.1,75,60,0.84,VE,1674437072
95,sheksna,59.21,38.5107,-18.06,100,79,1.75,RU,1674437074
96,polna,49.487,15.7188,0.39,94,100,1.25,CZ,1674437074
97,moron,-34.6534,-58.6198,28.32,51,40,2.57,AR,1674437074
98,ponta do sol,32.6667,-17.1,17.35,56,45,3.45,PT,1674437075
99,lata,40.1629,-8.3327,5.04,70,6,1.81,PT,1674437077
100,mar del plata,-38.0023,-57.5575,19.97,82,0,4.92,AR,1674437077
101,dapaong,10.8639,0.205,25.91,17,41,1.85,TG,1674437077
102,havre-saint-pierre,50.2334,-63.5986,-4.0,86,100,2.57,CA,1674437078
103,hofn,64.2539,-15.2082,0.42,57,88,5.06,IS,1674437078
104,kosino,58.4127,51.2782,-24.12,100,99,0.48,RU,1674437079
105,taber,49.8167,-112.1518,-1.0,83,2,3.09,CA,1674437079
106,grand gaube,-20.0064,57.6608,25.22,84,100,0.89,MU,1674437080
107,hvolsvollur,63.7533,-20.2243,-2.5,73,84,0.49,IS,1674437080
108,nome,64.5011,-165.4064,-18.96,55,0,0.0,US,1674437080
109,verkhnyaya inta,65.9811,60.3094,-7.16,93,100,7.08,RU,1674437081
110,faanui,-16.4833,-151.75,26.58,69,100,1.54,PF,1674437082
111,yellowknife,62.456,-114.3525,-28.23,96,37,2.08,CA,1674436845
112,pisco,-13.7,-76.2167,23.03,73,0,4.63,PE,1674437082
113,dokka,60.84,10.0618,-14.13,92,100,1.08,NO,1674437083
114,norman wells,65.282,-126.8329,-24.98,84,40,1.03,CA,1674437083
115,riyadh,24.6877,46.7219,13.08,59,84,3.77,SA,1674437079
116,grafelfing,48.1188,11.4294,-3.97,94,100,0.0,DE,1674437084
117,berlevag,70.8578,29.0864,2.0,64,98,15.95,NO,1674437084
118,maarianhamina,60.0973,19.9348,-1.08,93,100,5.14,AX,1674437085
119,jiujiang,29.7333,115.9833,6.94,80,100,5.47,CN,1674437085
120,tommot,58.9564,126.2925,-32.94,94,100,4.53,RU,1674437086
121,bethel,41.3712,-73.414,3.3,85,100,1.54,US,1674437086
122,tarko-sale,64.9225,77.785,-18.4,97,100,3.92,RU,1674437087
123,port elizabeth,-33.918,25.5701,21.84,92,100,1.34,ZA,1674436989
124,ko samui,9.5357,99.9357,26.95,83,20,0.0,TH,1674436800
125,carnarvon,-24.8667,113.6333,25.56,68,76,7.32,AU,1674437088
126,tooele,40.5308,-112.2983,-5.23,91,100,2.06,US,1674437089
127,bredasdorp,-34.5322,20.0403,18.59,88,0,2.59,ZA,1674437089
128,nuuk,64.1835,-51.7216,-2.26,89,100,17.21,GL,1674437089
129,baykit,61.67,96.37,-30.27,96,100,1.57,RU,1674437090
130,bengkulu,-3.8004,102.2655,22.78,96,100,1.96,ID,1674436896
131,ilulissat,69.2167,-51.1,-5.99,73,100,5.66,GL,1674437091
132,lensk,60.7253,114.9278,-34.61,90,100,5.83,RU,1674437091
133,kibre mengist,5.8833,38.9833,11.73,70,93,1.37,ET,1674437091
134,bluefields,12.0137,-83.7635,23.57,89,5,3.1,NI,1674437092
135,geraldton,-28.7667,114.6,24.23,69,100,6.17,AU,1674437092
136,vouliagmeni,37.8167,23.7833,15.29,84,3,0.89,GR,1674437093
137,yarmouth,41.7057,-70.2286,6.26,90,100,3.6,US,1674437093
138,sapulpa,35.9987,-96.1142,4.43,70,100,2.57,US,1674436951
139,saint-philippe,-21.3585,55.7679,23.77,86,100,1.86,RE,1674437094
140,nanortalik,60.1432,-45.2371,-5.8,60,100,2.09,GL,1674437095
141,mildura,-34.2,142.15,30.04,43,34,2.19,AU,1674436947
142,osypenko,46.9136,36.8253,-0.15,85,88,7.21,UA,1674437095
143,bathsheba,13.2167,-59.5167,26.34,78,40,10.29,BB,1674437096
144,provideniya,64.3833,-173.3,-18.94,65,75,13.0,RU,1674437096
145,kamenka,51.3223,42.7678,-6.2,81,98,4.16,RU,1674437097
146,taman,45.2117,36.7161,5.4,79,100,5.45,RU,1674437097
147,pangkalanbuun,-2.6833,111.6167,26.46,84,100,1.25,ID,1674437098
148,luderitz,-26.6481,15.1594,18.1,87,5,6.73,NA,1674437098
149,cap malheureux,-19.9842,57.6142,24.7,84,100,0.89,MU,1674437099
150,salinopolis,-0.6136,-47.3561,24.96,89,48,5.16,BR,1674437099
151,lebu,-37.6167,-73.65,15.25,90,0,4.82,CL,1674437100
152,conde,-7.2597,-34.9075,25.7,89,20,2.57,BR,1674437101
153,henties bay,-22.116,14.2845,18.53,87,96,2.43,NA,1674437101
154,lovozero,68.005,35.0117,-6.46,85,99,2.9,RU,1674437102
155,tasiilaq,65.6145,-37.6368,-9.91,58,11,3.49,GL,1674437102
156,castro,-24.7911,-50.0119,17.8,97,100,1.79,BR,1674437103
157,lompoc,34.6391,-120.4579,13.21,52,0,7.2,US,1674437103
158,nakamura,32.9833,132.9333,7.65,97,100,1.56,JP,1674437104
159,ormara,25.2088,64.6357,14.89,35,7,9.42,PK,1674437104
160,marsh harbour,26.5412,-77.0636,24.2,83,21,6.72,BS,1674437105
161,oistins,13.0667,-59.5333,26.05,78,40,10.29,BB,1674437105
162,laguna,38.421,-121.4238,12.64,43,0,8.23,US,1674437105
163,kez,57.8979,53.7152,-22.59,100,96,1.21,RU,1674437106
164,puerto ayora,-0.7393,-90.3518,24.19,96,46,0.89,EC,1674437106
165,avarua,-21.2078,-159.775,27.03,78,100,3.09,CK,1674437107
166,quatre cocos,-20.2078,57.7625,25.06,81,100,2.75,MU,1674437107
167,hasaki,35.7333,140.8333,4.22,89,100,6.16,JP,1674437107
168,brae,60.3964,-1.353,8.18,92,100,5.84,GB,1674437108
169,le moule,16.3332,-61.3473,24.02,100,9,0.89,GP,1674437108
170,sfantu gheorghe,45.8667,25.7833,5.15,90,15,2.29,RO,1674437109
171,kavaratti,10.5669,72.642,26.57,70,26,4.45,IN,1674437109
172,lavrentiya,65.5833,-171.0,-28.76,94,71,5.19,RU,1674437110
173,padang,-0.9492,100.3543,24.03,92,100,1.66,ID,1674437111
174,fairbanks,64.8378,-147.7164,-27.02,73,100,0.0,US,1674437112
175,atambua,-9.1061,124.8925,25.31,74,98,0.4,ID,1674437112
176,burnie,-41.0667,145.9167,22.19,69,10,3.99,AU,1674436902
177,pathein,16.7833,94.7333,18.39,60,89,2.26,MM,1674437113
178,taoudenni,22.6783,-3.9836,16.21,18,0,4.28,ML,1674437113
179,okhotsk,59.3833,143.3,-25.55,82,32,5.57,RU,1674437114
180,ossora,59.2353,163.0719,-16.37,96,100,1.52,RU,1674437114
181,beringovskiy,63.05,179.3167,-21.75,95,100,6.68,RU,1674437115
182,cabo san lucas,22.8909,-109.9124,20.9,75,40,2.06,MX,1674436824
183,hithadhoo,-0.6,73.0833,26.86,76,46,3.38,MV,1674437115
184,mairang,25.5667,91.6333,4.5,65,100,0.92,IN,1674437116
185,rundu,-17.9333,19.7667,18.62,89,99,1.47,NA,1674437116
186,viedma,-40.8135,-62.9967,18.24,72,2,4.97,AR,1674437117
187,sitka,57.0531,-135.33,3.94,81,100,10.29,US,1674437117
188,maldonado,-34.6667,-54.9167,25.13,59,100,2.05,UY,1674437117
189,sayyan,15.1718,44.3244,9.85,35,3,0.46,YE,1674437118
190,varzelandia,-15.7014,-44.0275,19.56,98,100,1.71,BR,1674437119
191,port alfred,-33.5906,26.891,21.21,96,54,3.14,ZA,1674437119
192,noumea,-22.2763,166.4572,30.99,99,97,2.79,NC,1674436609
193,bayburt,40.2589,40.2278,-5.57,77,2,1.88,TR,1674437120
194,nemuro,43.3236,145.575,-6.43,57,15,5.79,JP,1674437120
195,bamora,24.0552,78.0909,15.23,70,75,2.87,IN,1674437121
196,diffa,13.3154,12.6113,20.96,19,100,4.0,NE,1674437121
197,pacific grove,36.6177,-121.9166,14.29,71,0,11.62,US,1674437121
198,halifax,44.6453,-63.5724,0.25,85,100,3.09,CA,1674437016
199,san andres,12.5847,-81.7006,27.01,78,40,5.14,CO,1674437122
200,katsuura,35.1333,140.3,7.52,91,100,7.79,JP,1674437123
201,esperance,-33.8667,121.9,23.0,48,0,3.47,AU,1674437123
202,liuhe,42.2401,125.7172,-21.96,86,100,2.65,CN,1674437124
203,ostrovnoy,68.0531,39.5131,-4.12,85,51,11.58,RU,1674437124
204,lisieux,49.1667,0.1667,1.73,90,26,3.15,FR,1674437124
205,victor harbor,-35.5667,138.6167,28.16,82,100,3.31,AU,1674437125
206,yeppoon,-23.1333,150.7333,29.88,65,68,4.49,AU,1674437125
207,vardo,70.3705,31.1107,-1.01,80,75,8.23,NO,1674437126
208,kamina,-8.7386,24.9906,17.0,96,100,1.7,CD,1674437126
209,kahului,20.8947,-156.47,28.01,65,40,7.72,US,1674437127
210,toba tek singh,30.9743,72.4827,7.85,60,5,3.22,PK,1674437128
211,linxi,39.7,118.4333,-10.58,69,100,6.47,CN,1674437128
212,deputatskiy,69.3,139.9,-39.0,100,80,1.52,RU,1674437129
213,cidreira,-30.1811,-50.2056,23.7,88,0,3.24,BR,1674437129
214,gravelbourg,49.8834,-106.5512,0.15,85,100,8.49,CA,1674437130
215,lima,-12.0432,-77.0282,24.94,72,0,4.12,PE,1674437131
216,homer,59.6425,-151.5483,2.94,74,100,6.26,US,1674437131
217,sao filipe,14.8961,-24.4956,20.91,65,21,5.21,CV,1674437112
218,itacoatiara,-3.1431,-58.4442,23.81,91,97,1.2,BR,1674437132
219,ravar,31.2656,56.8055,1.06,53,0,0.66,IR,1674437132
220,tulun,54.5611,100.5792,-40.83,99,64,2.19,RU,1674437133
221,hay river,60.8156,-115.7999,-14.01,78,75,1.54,CA,1674437133
222,portland,45.5234,-122.6762,7.74,82,100,1.79,US,1674437134
223,caravelas,-17.7125,-39.2481,25.88,86,100,4.48,BR,1674437134
224,naze,28.3667,129.4833,17.51,79,60,6.6,JP,1674437031
225,alyangula,-13.8483,136.4192,26.65,86,100,8.25,AU,1674437135
226,kralendijk,12.15,-68.2667,24.99,83,75,6.69,BQ,1674437135
227,asau,46.4333,26.4,2.51,96,87,0.84,RO,1674437136
228,victoria,22.2855,114.1577,20.02,86,6,1.34,HK,1674436862
229,griffith,41.5284,-87.4237,0.62,88,100,2.57,US,1674437137
230,barra patuca,15.8,-84.2833,24.74,80,11,5.04,HN,1674437137
231,la ronge,55.1001,-105.2842,-2.86,74,100,7.2,CA,1674437138
232,biograd na moru,43.9433,15.4519,7.39,81,100,8.71,HR,1674437140
233,merrill,45.1805,-89.6835,-6.47,100,100,2.06,US,1674437140
234,rio grande,-32.035,-52.0986,22.78,81,1,3.21,BR,1674437141
235,ugoofaaru,5.6667,73.0,26.72,75,100,4.14,MV,1674437141
236,stephenville crossing,48.5,-58.4318,-0.93,74,100,7.2,CA,1674437141
237,okha,53.5739,142.9478,-28.73,92,76,8.22,RU,1674437142
238,dudinka,69.4058,86.1778,-30.76,99,53,2.3,RU,1674437142
239,alice springs,-23.7,133.8833,31.75,40,10,4.63,AU,1674436924
240,taylorville,39.5489,-89.2945,3.1,93,100,4.12,US,1674437143
241,peterhead,57.5058,-1.7981,6.22,91,100,4.57,GB,1674437144
242,spearfish,44.4908,-103.8594,1.57,74,100,4.63,US,1674437144
243,yar-sale,66.8333,70.8333,-7.3,95,100,5.01,RU,1674437145
244,husavik,66.0449,-17.3389,-3.34,58,20,10.94,IS,1674437145
245,sabha,27.0377,14.4283,10.96,25,0,2.49,LY,1674437146
246,koumac,-20.5667,164.2833,27.84,75,100,2.08,NC,1674437146
247,poplar bluff,36.757,-90.3929,5.88,84,100,2.06,US,1674437146
248,bairiki,1.3292,172.9752,30.0,74,20,4.12,KI,1674437147
249,ariquemes,-9.9133,-63.0408,23.38,93,80,0.37,BR,1674437147
250,baghdad,33.3406,44.4009,6.95,100,0,1.54,IQ,1674436860
251,ahipara,-35.1667,173.1667,21.27,68,100,3.28,NZ,1674437148
252,praia da vitoria,38.7333,-27.0667,15.98,72,75,5.77,PT,1674437148
253,samana,19.2056,-69.3369,23.39,84,17,3.76,DO,1674437149
254,kieta,-6.2167,155.6333,29.29,66,100,1.89,PG,1674437149
255,prince rupert,54.3161,-130.3201,3.83,92,100,13.38,CA,1674437150
256,kaduqli,11.0167,29.7167,21.2,13,6,5.0,SD,1674437150
257,vanavara,60.34,102.2797,-43.51,100,100,1.36,RU,1674437150
258,vila nova de famalicao,41.408,-8.5198,6.24,67,8,1.84,PT,1674437151
259,miri,4.4148,114.0089,27.08,89,40,1.54,MY,1674437151
260,luanda,-8.8368,13.2343,26.0,83,20,1.03,AO,1674437152
261,kuusamo,65.9667,29.1833,-7.98,93,100,5.66,FI,1674437152
262,vilhena,-12.7406,-60.1458,20.91,96,100,1.63,BR,1674437152
263,yulara,-25.2406,130.9889,32.59,14,0,5.85,AU,1674437153
264,helong,42.5397,128.9972,-14.55,81,100,1.51,CN,1674437153
265,songadh,21.1667,73.5667,14.65,42,1,0.45,IN,1674437154
266,timaru,-44.4,171.25,16.15,70,100,1.34,NZ,1674437154
267,nioro,13.35,-15.75,19.92,54,0,2.63,GM,1674437155
268,hoshcha,50.6003,26.6744,1.77,89,27,3.33,UA,1674437155
269,kandrian,-6.2167,149.55,30.78,62,100,1.65,PG,1674437155
270,cedar city,37.6775,-113.0619,-7.46,73,100,5.66,US,1674437156
271,nantucket,41.2835,-70.0995,7.08,89,100,6.17,US,1674437156
272,gat,31.61,34.7642,16.89,81,88,0.23,IL,1674437157
273,constitucion,-35.3333,-72.4167,15.68,83,0,6.56,CL,1674437157
274,that phanom,16.9364,104.7104,19.09,67,65,1.79,TH,1674436937
275,kaitangata,-46.2817,169.8464,17.13,43,14,4.65,NZ,1674437158
276,codrington,-38.2667,141.9667,22.39,55,48,2.78,AU,1674437158
277,hamilton,39.1834,-84.5333,1.47,93,100,2.06,US,1674437159
278,torres,-29.3353,-49.7269,24.35,90,61,1.98,BR,1674437159
279,concepcion del oro,24.6333,-101.4167,10.46,15,98,0.89,MX,1674437160
280,chunskiy,56.0815,99.6342,-39.8,97,100,1.87,RU,1674437160
281,vestmanna,62.1564,-7.1664,5.51,81,75,3.6,FO,1674437160
282,shingu,33.7333,135.9833,7.97,81,97,1.28,JP,1674436862
283,kidal,18.4411,1.4078,20.98,14,0,3.75,ML,1674437161
284,ola,59.5833,151.2833,-25.91,82,41,4.09,RU,1674437162
285,colac,-38.3333,143.5833,23.43,42,90,1.92,AU,1674437162
286,mwense,-10.3845,28.698,18.55,97,100,0.55,ZM,1674437163
287,milkovo,54.7167,158.6167,-25.57,85,23,0.12,RU,1674437163
288,kampot,10.6167,104.1833,27.03,75,83,0.48,KH,1674437164
289,corrientes,-27.4806,-58.8341,29.99,54,0,3.09,AR,1674437164
290,kitgum,3.2783,32.8867,23.92,33,97,1.12,UG,1674437164
291,puerto salgar,5.463,-74.6544,23.87,89,100,0.25,CO,1674437165
292,kruisfontein,-34.0033,24.7314,19.94,96,7,1.36,ZA,1674437166
293,iqaluit,63.7506,-68.5145,-20.15,77,100,9.26,CA,1674437166
294,san patricio,28.017,-97.5169,16.92,32,0,3.71,US,1674437167
295,lokosovo,61.1333,74.8167,-12.6,96,95,3.07,RU,1674437167
296,nevelsk,46.6733,141.8633,-11.85,85,100,0.73,RU,1674437167
297,russell,32.3502,-85.1999,11.6,100,75,2.57,US,1674437168
298,monrovia,6.3005,-10.7969,26.01,88,100,3.64,LR,1674437169
299,sinnamary,5.3833,-52.95,24.85,86,100,6.01,GF,1674437169
300,kuchinarai,16.541,104.05,20.76,39,72,1.42,TH,1674437170
301,isla mujeres,21.2311,-86.731,26.03,79,0,5.28,MX,1674437170
302,verkhoyansk,67.5447,133.385,-48.26,100,98,0.64,RU,1674437171
303,port hedland,-20.3167,118.5667,33.03,49,12,1.54,AU,1674437171
304,zrece,46.3822,15.3792,1.29,84,100,3.19,SI,1674437171
305,tharad,24.3961,71.6267,10.8,73,0,4.34,IN,1674437172
306,panama city,8.9936,-79.5197,26.58,81,75,3.09,PA,1674437172
307,puerto rondon,6.2805,-71.1,26.25,56,100,2.28,CO,1674437173
308,puerto montt,-41.4698,-72.9447,16.46,94,0,1.54,CL,1674437173
309,katrineholm,58.9959,16.2072,-4.06,98,19,1.59,SE,1674437173
310,rincon,32.296,-81.2354,16.98,96,75,7.2,US,1674437174
311,camargo,27.6667,-105.1667,13.52,13,0,3.96,MX,1674437174
312,kenora,49.8167,-94.4337,-9.46,92,40,5.14,CA,1674437175
313,tiksi,71.6872,128.8694,-29.89,96,100,2.15,RU,1674437175
314,balaipungut,1.05,101.2833,23.67,95,100,0.96,ID,1674437176
315,mikhaylovka,50.06,43.2379,-7.39,86,100,3.64,RU,1674437176
316,port hardy,50.6996,-127.4199,5.1,87,100,6.17,CA,1674437177
317,matagami,49.7502,-77.6328,-3.94,93,100,2.57,CA,1674437177
318,talakan,50.3167,130.3667,-36.42,96,100,0.91,RU,1674437177
319,bakchar,57.0186,82.0711,-13.29,96,100,1.94,RU,1674437178
320,saldanha,-33.0117,17.9442,17.03,91,0,5.52,ZA,1674437178
321,hobyo,5.3505,48.5268,24.48,77,19,8.92,SO,1674437179
322,zhangjiakou,40.81,114.8794,-17.41,52,72,6.57,CN,1674437179
323,cherskiy,68.75,161.3,-35.62,95,100,1.46,RU,1674437179
324,shakawe,-18.3667,21.85,19.05,91,68,0.88,BW,1674437180
325,dwarka,22.2394,68.9678,17.81,47,0,7.79,IN,1674437124
326,les cayes,18.2,-73.75,23.07,77,69,2.38,HT,1674437181
327,touros,-5.1989,-35.4608,26.57,79,9,5.19,BR,1674437181
328,raudeberg,61.9875,5.1352,4.37,71,100,13.22,NO,1674437181
329,kendari,-3.945,122.4989,28.15,73,100,1.7,ID,1674437182
330,megion,61.0296,76.1136,-4.99,95,98,4.07,RU,1674437182
331,birin,26.8865,88.0718,6.0,64,0,2.15,NP,1674437183
332,rocky mountain house,52.3668,-114.9188,-2.94,54,4,3.09,CA,1674437183
333,bonthe,7.5264,-12.505,24.42,78,90,2.81,SL,1674437184
334,puerto narino,-3.7703,-70.3831,22.73,98,100,1.02,CO,1674437184
335,bilibino,68.0546,166.4372,-28.68,88,96,1.71,RU,1674437184
336,saint-augustin,51.226,-58.6502,-9.0,87,100,3.18,CA,1674437185
337,kutum,14.2,24.6667,14.52,17,0,2.53,SD,1674437185
338,douglas,41.3,-96.167,-6.25,93,100,2.06,US,1674437186
339,elliot lake,46.3834,-82.6331,-8.59,97,89,1.55,CA,1674437186
340,virginia beach,36.8529,-75.978,14.46,97,100,4.12,US,1674437187
341,itaituba,-4.2761,-55.9836,22.88,98,100,0.71,BR,1674437187
342,sistranda,63.7256,8.834,4.98,56,100,5.51,NO,1674437188
343,andrews,32.3187,-102.5457,7.93,36,0,2.57,US,1674437189
344,pastavy,55.1168,26.8326,-8.91,99,76,1.61,BY,1674437189
345,naron,43.5167,-8.1528,6.13,77,41,2.54,ES,1674437189
346,seydi,39.4816,62.9137,-4.37,76,52,2.56,TM,1674437190
347,beaverlodge,55.2166,-119.4361,-2.36,89,86,2.5,CA,1674437190
348,omboue,-1.5746,9.2618,25.57,85,100,1.47,GA,1674437191
349,matay,28.419,30.7792,11.69,65,48,4.01,EG,1674437191
350,roald,62.5833,6.1333,7.08,61,100,8.23,NO,1674437191
351,mana,5.6592,-53.7767,24.5,86,100,5.43,GF,1674437192
352,marienburg,54.0359,19.0266,2.8,88,9,2.73,PL,1674437192
353,nishihara,26.1842,127.7558,20.6,89,100,2.06,JP,1674437193
354,marrakesh,31.6315,-8.0083,10.04,76,0,1.54,MA,1674437193
355,evensk,61.95,159.2333,-15.58,89,100,12.02,RU,1674437193
356,narsaq,60.9167,-46.05,-16.88,68,2,3.23,GL,1674437195
357,los alamos,35.8881,-106.307,-1.25,66,20,3.09,US,1674437195
358,puerto varas,-41.3195,-72.9854,16.12,94,0,1.54,CL,1674437196
359,high level,58.5169,-117.136,-10.94,100,20,1.03,CA,1674437196
360,kangaatsiaq,68.3065,-53.4641,-12.35,93,100,4.33,GL,1674437196
361,roma,43.2128,-75.4557,0.6,93,100,3.09,US,1674437197
362,creel,27.75,-107.6333,3.18,25,0,3.96,MX,1674437198
363,batemans bay,-35.7167,150.1833,20.61,63,84,3.6,AU,1674437198
364,agirish,61.9247,63.0231,-14.23,95,6,2.4,RU,1674437198
365,lagoa,39.05,-27.9833,15.06,81,0,9.63,PT,1674437199
366,casa nova,-9.4167,-41.1333,25.23,71,100,3.18,BR,1674437199
367,nyurba,63.2842,118.3319,-29.95,91,100,4.36,RU,1674437200
368,quelimane,-17.8786,36.8883,22.97,97,90,1.87,MZ,1674437200
369,soc trang,9.6033,105.98,26.18,77,100,5.03,VN,1674437200
370,ialibu,-6.2821,143.9935,20.0,71,99,1.67,PG,1674437202
371,northam,51.0333,-4.2167,5.34,81,98,3.32,GB,1674437202
372,mandal,25.45,74.5667,10.23,87,0,2.37,IN,1674437092
373,benjamin constant,-4.3831,-70.0311,24.07,98,98,0.48,BR,1674437203
374,kodinsk,58.6881,99.1844,-36.38,97,100,1.74,RU,1674437203
375,nouakchott,18.0858,-15.9785,15.96,43,0,4.2,MR,1674437204
376,reconquista,-29.15,-59.65,28.28,35,0,1.68,AR,1674437204
377,pionerskiy,54.9508,20.2275,-1.09,86,7,5.02,RU,1674437205
378,mindelo,16.8901,-24.9804,20.75,56,40,6.69,CV,1674437205
379,makasar,-5.14,119.4221,26.03,83,40,1.03,ID,1674437068
380,kunya,12.2233,8.5325,15.09,51,0,0.0,NG,1674437206
381,ayan,56.45,138.1667,-31.32,64,100,5.71,RU,1674437206
382,cascais,38.6979,-9.4215,10.52,52,0,9.83,PT,1674437207
383,korla,41.7597,86.1469,-13.02,71,0,2.78,CN,1674437207
384,chokurdakh,70.6333,147.9167,-43.52,100,67,2.09,RU,1674437207
385,bandarbeyla,9.4942,50.8122,23.45,69,48,6.96,SO,1674437208
386,tarrafal,15.2833,-23.7667,21.44,66,15,6.1,CV,1674437208
387,mitsamiouli,-11.3847,43.2844,25.83,85,100,4.68,KM,1674437208
388,fukue,32.6881,128.8419,11.2,71,75,7.72,JP,1674437209
389,luwuk,-0.9516,122.7875,27.65,77,100,0.33,ID,1674437209
390,rio gallegos,-51.6226,-69.2181,13.03,58,0,16.46,AR,1674437210
391,longyearbyen,78.2186,15.6401,2.91,81,75,6.69,SJ,1674437210
392,ust-kulom,61.6864,53.6902,-17.84,100,100,1.44,RU,1674437211
393,polunochnoye,60.8697,60.4153,-15.5,95,38,1.95,RU,1674437211
394,miyako,39.6367,141.9525,0.32,53,100,2.01,JP,1674437024
395,totskoye,52.5248,52.7623,-17.02,89,100,0.95,RU,1674437214
396,macamic,48.7502,-78.9996,-7.2,98,100,1.87,CA,1674437214
397,waipawa,-41.4122,175.5153,15.34,66,81,4.08,NZ,1674437215
398,adrar,20.5022,-10.0711,15.99,15,0,4.57,MR,1674437215
399,emba,48.8264,58.1442,-14.69,73,1,2.52,KZ,1674437215
400,sakakah,29.9697,40.2064,10.76,64,0,3.46,SA,1674437217
401,harlingen,26.1906,-97.6961,17.72,57,0,3.09,US,1674437217
402,omsukchan,62.5333,155.8,-32.95,98,100,2.98,RU,1674437217
403,mongo,12.1844,18.693,22.83,18,100,2.75,TD,1674437218
404,manado,1.487,124.8455,25.43,100,40,1.03,ID,1674437219
405,dunedin,-45.8742,170.5036,17.67,42,5,4.02,NZ,1674437168
406,asekeyevo,53.5742,52.7972,-15.02,93,100,0.63,RU,1674437219
407,avera,33.194,-82.5271,7.73,94,100,1.21,US,1674437220
408,krasnoarmeysk,51.0239,45.6969,-12.45,89,100,1.71,RU,1674437220
409,coueron,47.2151,-1.7217,-1.1,92,11,2.57,FR,1674437221
410,ankang,32.68,109.0172,6.19,41,100,1.65,CN,1674436965
411,porto-vecchio,41.591,9.2795,6.74,87,0,1.03,FR,1674437222
412,isangel,-19.55,169.2667,30.06,84,40,1.03,VU,1674437222
413,sao joao da barra,-21.6403,-41.0511,23.87,91,95,1.28,BR,1674437222
414,port lincoln,-34.7333,135.8667,19.77,70,100,4.73,AU,1674437223
415,labuhan,-6.8844,112.2051,26.73,80,96,2.3,ID,1674437223
416,marquette,46.5333,-87.6335,-4.42,93,100,1.52,US,1674437122
417,mahebourg,-20.4081,57.7,25.16,94,75,1.03,MU,1674437224
418,richards bay,-28.783,32.0377,22.05,91,21,2.02,ZA,1674437224
419,hit,33.6416,42.8251,11.52,49,0,2.59,IQ,1674437225
420,rawson,-43.3002,-65.1023,15.97,70,6,6.45,AR,1674437225
421,imbituba,-28.24,-48.6703,23.12,90,100,2.64,BR,1674437226
422,road town,18.4167,-64.6167,26.02,69,40,4.63,VG,1674437227
423,batagay-alyta,67.8006,130.4114,-30.38,99,98,0.37,RU,1674437227
424,ferrol,43.4832,-8.2369,5.95,81,26,2.45,ES,1674437227
425,bishop auckland,54.6555,-1.6771,4.07,91,100,1.34,GB,1674437228
426,sarai,53.7458,41.0213,-6.37,91,100,2.8,RU,1674437228
427,lorengau,-2.0226,147.2712,28.9,76,95,4.99,PG,1674437229
428,cururupu,-1.8283,-44.8683,23.58,95,0,1.66,BR,1674437229
429,carberry,49.8689,-99.3602,-5.87,89,100,5.68,CA,1674437231
430,mount isa,-20.7333,139.5,34.87,13,97,3.6,AU,1674437232
431,celestun,20.8667,-90.4,23.51,89,0,4.45,MX,1674437232
432,xinxiang,35.3089,113.8672,3.24,32,100,0.44,CN,1674436966
433,irbil,36.1926,44.0106,4.9,42,0,1.54,IQ,1674437233
434,haines junction,60.7522,-137.5108,-5.25,96,99,2.11,CA,1674437233
435,dickinson,29.4608,-95.0513,13.97,54,0,4.12,US,1674437234
436,cine,37.6117,28.0614,7.67,83,0,1.04,TR,1674437234
437,takoradi,4.8845,-1.7554,26.28,85,16,2.25,GH,1674437235
438,sao miguel do araguaia,-13.275,-50.1628,21.78,96,100,1.96,BR,1674437236
439,ouesso,1.6136,16.0517,20.86,42,34,0.94,CG,1674437236
440,vila do maio,15.1333,-23.2167,21.55,66,6,6.43,CV,1674437237
441,yantal,56.8471,105.2542,-40.13,96,41,1.86,RU,1674437237
442,el alto,-4.2714,-81.2147,22.81,77,15,2.31,PE,1674437238
443,bayir,37.2687,28.2167,4.29,75,0,0.76,TR,1674437238
444,sembe,1.6481,14.5806,22.21,49,20,0.48,CG,1674437239
445,dali,25.7,100.1833,4.16,52,100,1.91,CN,1674437125
446,jinji,23.2281,110.8261,14.06,80,100,1.65,CN,1674437240
447,maniitsoq,65.4167,-52.9,-4.14,95,100,5.94,GL,1674437240
448,jupiter,26.9342,-80.0942,25.03,78,75,1.34,US,1674437240
449,bereda,43.2686,-7.5406,-1.03,100,9,1.22,ES,1674437241
450,vila franca do campo,37.7167,-25.4333,14.23,88,36,5.29,PT,1674437241
451,black river,18.0264,-77.8487,23.51,80,0,3.72,JM,1674437242
452,buraydah,26.326,43.975,14.25,44,68,4.27,SA,1674437242
453,vetlanda,57.4289,15.0776,-5.03,99,46,0.39,SE,1674437242
454,dongying,37.4564,118.4856,-3.24,66,100,6.29,CN,1674437243
455,paralimni,35.0375,33.9833,9.49,70,0,4.36,CY,1674437243
456,the valley,18.217,-63.0578,25.46,72,5,8.48,AI,1674437244
457,maues,-3.3836,-57.7186,23.17,95,97,1.02,BR,1674437244
458,erenhot,43.6475,111.9767,-24.06,54,6,4.26,CN,1674437245
459,ararat,39.8317,44.7049,-4.81,46,100,1.75,AM,1674437245
460,along,28.1667,94.7667,8.58,75,49,0.68,IN,1674437245
461,timmins,48.4669,-81.3331,-4.1,86,100,1.03,CA,1674437246
462,kant,27.8,79.8,12.31,54,0,1.53,IN,1674437246
463,elizabeth city,36.2946,-76.2511,16.01,94,100,3.09,US,1674437247
464,cangas,42.2641,-8.7846,6.33,69,0,0.51,ES,1674437247
465,bom jardim,-7.7958,-35.5872,23.19,89,36,2.86,BR,1674437247
466,beloha,-25.1667,45.05,24.01,82,100,6.99,MG,1674437248
467,coquimbo,-29.9533,-71.3436,16.85,88,20,3.09,CL,1674437248
468,garowe,8.4054,48.4845,18.01,76,13,4.08,SO,1674437249
469,taos,36.4072,-105.5731,-1.22,64,0,2.57,US,1674437249
470,leningradskiy,69.3833,178.4167,-35.47,91,31,2.99,RU,1674437249
471,los llanos de aridane,28.6585,-17.9182,16.86,84,100,9.26,ES,1674437250
472,khaga,25.7833,81.1167,14.36,81,44,1.42,IN,1674437250
473,xam nua,20.4197,104.0439,15.12,56,4,0.44,LA,1674437251
474,metlika,45.6472,15.3142,2.86,96,100,4.43,SI,1674437251
475,filadelfia,39.9523,-75.1638,3.76,92,100,3.6,US,1674437251
476,pavilosta,56.8879,21.1859,-2.05,87,9,1.63,LV,1674437252
477,kavieng,-2.5744,150.7967,28.29,74,100,4.97,PG,1674437252
478,chapais,49.7834,-74.8492,-11.12,97,94,2.17,CA,1674437253
479,flin flon,54.7682,-101.865,-1.03,91,100,5.25,CA,1674437253
480,tomatlan,19.9333,-105.25,20.89,84,5,1.63,MX,1674437254
481,kunda,25.7167,81.5167,14.78,80,71,1.33,IN,1674437254
482,merke,42.8728,73.1786,-9.45,78,9,2.51,KZ,1674437254
483,sterling,39.0062,-77.4286,4.04,92,100,3.13,US,1674437255
484,hare bay,48.8499,-54.0148,-5.36,95,39,2.57,CA,1674437255
485,dzilam gonzalez,21.2833,-88.9333,24.49,83,68,3.13,MX,1674437256
486,juneau,58.3019,-134.4197,2.9,97,100,6.69,US,1674437256
487,tessalit,20.1986,1.0114,18.16,14,0,4.23,ML,1674437257
488,kijang,35.2442,129.2139,3.85,48,0,2.7,KR,1674437257
489,cochrane,51.1834,-114.4687,-0.85,68,0,2.57,CA,1674437258
490,trairi,-3.2778,-39.2689,24.5,89,42,3.27,BR,1674437258
491,tautira,-17.7333,-149.15,24.77,77,100,2.6,PF,1674437258
492,cheney,47.4874,-117.5758,-2.64,91,75,3.09,US,1674437259
493,batagay,67.6333,134.6333,-49.09,99,63,1.21,RU,1674437259
494,nattam,10.2333,78.2333,24.25,90,83,1.87,IN,1674437260
495,poso,-1.3959,120.7524,27.89,73,100,0.76,ID,1674437260
496,maragogi,-9.0122,-35.2225,26.11,82,6,4.47,BR,1674437261
497,ust-omchug,61.15,149.6333,-28.84,95,100,3.47,RU,1674437261
498,necochea,-38.5473,-58.7368,17.36,87,0,3.23,AR,1674437262
499,margate,51.3813,1.3862,4.83,75,6,1.79,GB,1674437262
500,huarmey,-10.0681,-78.1522,21.78,81,93,3.54,PE,1674437262
501,hami,42.8,93.45,-13.54,33,0,4.42,CN,1674437263
502,orodara,10.9492,-4.9342,23.93,15,0,1.25,BF,1674437263
503,gosainganj,26.5833,82.3833,14.52,63,57,2.82,IN,1674437264
504,palembang,-2.9167,104.7458,24.05,94,40,2.06,ID,1674436775
505,baymak,52.5933,58.3225,-6.7,76,100,4.36,RU,1674437264
506,sorland,67.667,12.6934,5.92,81,34,15.52,NO,1674437265
507,namibe,-15.1961,12.1522,22.43,81,100,2.1,AO,1674437265
508,tabou,4.423,-7.3528,25.59,86,45,3.17,CI,1674437266
509,saint anthony,45.0205,-93.218,-7.03,93,100,3.09,US,1674437267
510,byron bay,-28.65,153.6167,28.73,57,34,3.21,AU,1674437139
511,campbell river,50.0163,-125.2446,4.74,100,100,1.03,CA,1674437268
512,camden,39.7835,-74.9663,3.91,89,100,2.24,US,1674437268
513,sale,34.0389,-6.8166,10.91,93,0,0.0,MA,1674437268
514,wonthaggi,-38.6044,145.5913,21.79,63,0,1.8,AU,1674437269
515,derzhavinsk,51.1,66.3167,-13.99,84,100,4.4,KZ,1674437269
516,teya,60.3778,92.6267,-22.96,98,100,2.24,RU,1674437269
517,port hueneme,34.1478,-119.1951,15.83,52,0,0.0,US,1674437270
518,araouane,18.9048,-3.5265,18.5,14,0,4.66,ML,1674437270
519,ocos,14.5094,-92.1933,26.1,72,3,3.42,GT,1674437271
520,saint-francois,46.4154,3.9054,-0.31,86,100,4.12,FR,1674437271
521,dongsheng,39.8161,109.9776,-19.99,78,94,8.21,CN,1674437271
522,goure,13.9835,10.2704,19.35,11,54,3.57,NE,1674437272
523,ipatovo,45.7181,42.9036,-0.6,91,54,8.06,RU,1674437272
524,boyolangu,-8.1181,111.8935,26.46,76,100,0.61,ID,1674437273
525,ulaanbaatar,47.9077,106.8832,-42.93,59,0,2.0,MN,1674437216
526,rocha,-34.4833,-54.3333,19.6,72,74,1.43,UY,1674437274
527,shimoda,34.6667,138.95,7.2,67,100,5.33,JP,1674437274
528,pointe michel,15.25,-61.3833,25.65,71,74,7.05,DM,1674437274
529,chara,56.9064,118.2631,-34.28,89,100,0.87,RU,1674437275
530,biltine,14.5333,20.9167,21.55,15,7,3.83,TD,1674437275
531,hazorasp,41.3194,61.0742,-9.09,66,1,3.41,UZ,1674437276
532,ludvika,60.1496,15.1878,-15.22,97,81,2.6,SE,1674437276
533,yala,6.3333,101.25,23.18,95,91,0.91,TH,1674437277
534,tura,25.5198,90.2201,13.33,54,85,1.31,IN,1674437278
535,sangar,63.9242,127.4739,-47.13,96,99,1.67,RU,1674437278
536,buala,-8.145,159.5921,30.39,62,78,2.78,SB,1674437279
537,mossendjo,-2.9506,12.7261,20.32,99,100,1.05,CG,1674437279
538,colgong,25.2667,87.2167,13.64,68,5,1.29,IN,1674437280
539,sao felix do xingu,-6.6447,-51.995,22.02,97,100,0.28,BR,1674437280
540,camabatela,-8.1881,15.375,16.37,99,100,0.98,AO,1674437280
541,bundaberg,-24.85,152.35,30.12,62,16,2.24,AU,1674437281
542,mackenzie,55.2999,-123.1698,-2.88,80,100,4.63,CA,1674437281
543,emerald,-23.5333,148.1667,29.08,58,25,4.02,AU,1674437282
544,guerrero,17.6667,-100.0,18.97,66,8,2.18,MX,1674437282
545,west wendover,40.7391,-114.0733,-2.44,59,100,9.77,US,1674437283
546,pinega,64.7001,43.3936,-9.56,91,26,3.8,RU,1674437283
547,andra,62.5147,65.8878,-15.04,96,15,3.33,RU,1674437284
548,ancud,-41.8697,-73.8203,14.11,86,0,1.62,CL,1674437284
549,antofagasta,-23.65,-70.4,19.6,84,11,1.41,CL,1674437205
550,dori,14.0354,-0.0345,24.65,15,0,3.32,BF,1674437285
551,ponta delgada,37.7333,-25.6667,14.4,94,75,5.14,PT,1674437285
552,greeley,40.4233,-104.7091,-2.1,81,17,1.43,US,1674437286
553,swakopmund,-22.6833,14.5333,18.32,88,100,1.75,NA,1674437286
